Address,Price,Links,Dates,Details
"12470 W Ellsworth Place, Lakewood, CO 80228","$565,000 ",https://www.zillow.com/homedetails/12470-W-Ellsworth-Pl-Lakewood-CO-80228/13766491_zpid/,Open: Sat. 1-4pm From 2023-08-23,"3 bds2 ba2,801 sqft"
"3596 S Depew Street Unit 7, Lakewood, CO 80235","$410,000 ",https://www.zillow.com/homedetails/3596-S-Depew-St-UNIT-7-Lakewood-CO-80235/13806899_zpid/,3 hours ago From 2023-08-23,"3 bds3 ba1,796 sqft"
"101 S Upham Court, Lakewood, CO 80226","$565,000 ",https://www.zillow.com/homedetails/101-S-Upham-Ct-Lakewood-CO-80226/13768751_zpid/,4 hours ago From 2023-08-23,"3 bds4 ba2,698 sqft"
"6696 W Arizona Avenue, Lakewood, CO 80232","$539,000 ",https://www.zillow.com/homedetails/6696-W-Arizona-Ave-Lakewood-CO-80232/13786360_zpid/,On market Aug 24 From 2023-08-23,"4 bds3 ba2,236 sqft"
"3334 S Ammons Street Unit 13-204, Lakewood, CO 80227","$364,900 ",https://www.zillow.com/homedetails/3334-S-Ammons-St-APT-13-204-Lakewood-CO-80227/13798588_zpid/,On market Aug 24 From 2023-08-23,"2 bds2 ba1,100 sqft"
"745 Arbutus Street, Lakewood, CO 80401","$935,000 ",https://www.zillow.com/homedetails/745-Arbutus-St-Lakewood-CO-80401/13764206_zpid/,23 hours ago From 2023-08-23,"3 bds3 ba4,780 sqft"
"1723 Robb Street Unit 30, Lakewood, CO 80215","$257,000 ",https://www.zillow.com/homedetails/1723-Robb-St-APT-30-Lakewood-CO-80215/13746101_zpid/,1 day on Zillow From 2023-08-23,2 bds2 ba800 sqft
"1535 Eaton Street, Lakewood, CO 80214","$1,650,000 ",https://www.zillow.com/homedetails/1535-Eaton-St-Denver-CO-80214/130439427_zpid/,1 day on Zillow From 2023-08-23,0.32 acres lot
"2405 Lee Street, Lakewood, CO 80215","$599,000 ",https://www.zillow.com/homedetails/2405-Lee-St-Lakewood-CO-80215/13745348_zpid/,On market Aug 25 From 2023-08-23,"2 bds2 ba1,060 sqft"
"2045 Lee Street, Lakewood, CO 80215","$850,000 ",https://www.zillow.com/homedetails/2045-Lee-St-Lakewood-CO-80215/13745404_zpid/,1 day on Zillow From 2023-08-23,"3 bds2 ba3,585 sqft"
"15480 W Asbury Avenue, Lakewood, CO 80228","$1,979,000 ",https://www.zillow.com/homedetails/15480-W-Asbury-Ave-Lakewood-CO-80228/121927280_zpid/,3D Tour From 2023-08-23,"4 bds6 ba5,665 sqft"
"1591 S Sheridan Boulevard, Lakewood, CO 80232","$395,000 ",https://www.zillow.com/homedetails/1591-S-Sheridan-Blvd-Lakewood-CO-80232/13786912_zpid/,1 day on Zillow From 2023-08-23,"2 bds2 ba1,436 sqft"
"35 S Harlan St S, Lakewood, CO 80226","$435,000 ",https://www.zillow.com/homedetails/35-S-Harlan-St-Lakewood-CO-80226/13769570_zpid/,1 day on Zillow From 2023-08-23,"2 bds1 ba1,788 sqft"
"1769 S Quail Street, Lakewood, CO 80232","$875,000 ",https://www.zillow.com/homedetails/1769-S-Quail-St-Lakewood-CO-80232/13781057_zpid/,Open: Sat. 12am-2pm From 2023-08-23,"4 bds4 ba3,238 sqft"
"1141 S Welch Circle, Lakewood, CO 80228","$803,000 ",https://www.zillow.com/homedetails/1141-S-Welch-Cir-Lakewood-CO-80228/13778982_zpid/,2 days on Zillow From 2023-08-23,"4 bds3 ba3,200 sqft"
"6725 W Mississippi Avenue, Lakewood, CO 80226","$75,000 ",https://www.zillow.com/homedetails/6725-W-Mississippi-Ave-Lakewood-CO-80226/13771291_zpid/,2 days on Zillow From 2023-08-23,2 bds1 ba672 sqft
"1260 Welch Street, Lakewood, CO 80401","$719,000 ",https://www.zillow.com/homedetails/1260-Welch-St-Lakewood-CO-80401/13762813_zpid/,Open: Sat. 11am-1pm From 2023-08-23,"3 bds2 ba2,100 sqft"
"7385 W Oregon Drive, Lakewood, CO 80232","$399,000 ",https://www.zillow.com/homedetails/7385-W-Oregon-Dr-Lakewood-CO-80232/13784867_zpid/,2 days on Zillow From 2023-08-23,"3 bds2 ba2,066 sqft"
"10950 W Glennon Drive, Lakewood, CO 80226","$600,000 ",https://www.zillow.com/homedetails/10950-Glennon-Dr-Denver-CO-80226/13774236_zpid/,2 days on Zillow From 2023-08-23,"4 bds2 ba1,926 sqft"
"1845 Kendall Street Unit 231, Lakewood, CO 80214","$299,950 ",https://www.zillow.com/homedetails/1845-Kendall-St-APT-231-Lakewood-CO-80214/13749770_zpid/,3 days on Zillow From 2023-08-23,2 bds1 ba746 sqft
"370 Zang Street Unit 7-103, Lakewood, CO 80228","$315,000 ",https://www.zillow.com/homedetails/370-Zang-St-APT-7-103-Lakewood-CO-80228/13765716_zpid/,4 days on Zillow From 2023-08-23,1 bd1 ba812 sqft
"1479 S Iris Street, Lakewood, CO 80232","$572,500 ",https://www.zillow.com/homedetails/1479-S-Iris-St-Lakewood-CO-80232/13782459_zpid/,On market Aug 24 From 2023-08-23,"4 bds3 ba2,091 sqft"
"3600 S Pierce Street Unit 4-103, Lakewood, CO 80235","$319,900 ",https://www.zillow.com/homedetails/3600-S-Pierce-St-APT-4-103-Lakewood-CO-80235/13807056_zpid/,4 days on Zillow From 2023-08-23,"2 bds2 ba1,024 sqft"
"750 Tabor Street Unit 47, Lakewood, CO 80401","$410,000 ",https://www.zillow.com/homedetails/750-Tabor-St-APT-47-Golden-CO-80401/13763796_zpid/,4 days on Zillow From 2023-08-23,"2 bds3 ba1,997 sqft"
"11333 W 18th Avenue, Lakewood, CO 80215","$415,000 ",https://www.zillow.com/homedetails/11333-W-18th-Ave-Lakewood-CO-80215/13746006_zpid/,Video Walkthrough From 2023-08-23,"2 bds3 ba1,954 sqft"
"45 Everett Street, Lakewood, CO 80226","$635,000 ",https://www.zillow.com/homedetails/45-Everett-St-Lakewood-CO-80226/13767506_zpid/,4 days on Zillow From 2023-08-23,"5 bds2 ba2,600 sqft"
"2380 Youngfield Street, Lakewood, CO 80215","$939,000 ",https://www.zillow.com/homedetails/2380-Youngfield-St-Lakewood-CO-80215/13744221_zpid/,3D Tour From 2023-08-23,"6 bds4 ba3,476 sqft"
"2149 S Orion Street, Lakewood, CO 80228","$1,282,501 ",https://www.zillow.com/homedetails/2149-S-Orion-St-Lakewood-CO-80228/334525841_zpid/,4 days on Zillow From 2023-08-23,"5 bds5 ba4,964 sqft"
"10563 W Dartmouth Avenue, Lakewood, CO 80227","$369,900 ",https://www.zillow.com/homedetails/10563-W-Dartmouth-Ave-Lakewood-CO-80227/13796044_zpid/,4 days on Zillow From 2023-08-23,"2 bds2 ba1,140 sqft"
"9281 W Jewell Place, Lakewood, CO 80227","$695,000 ",https://www.zillow.com/homedetails/9281-W-Jewell-Pl-Lakewood-CO-80227/13789989_zpid/,4 days on Zillow From 2023-08-23,"4 bds3 ba3,500 sqft"
"3335 S Ammons Street Unit 6-103, Lakewood, CO 80227","$299,000 ",https://www.zillow.com/homedetails/3335-S-Ammons-St-APT-6-103-Lakewood-CO-80227/13798243_zpid/,5 days on Zillow From 2023-08-23,1 bd1 ba812 sqft
"701 Harlan Street Unit E62, Lakewood, CO 80214","$425,000 ",https://www.zillow.com/homedetails/701-Harlan-St-UNIT-E-62-Lakewood-CO-80214/13760064_zpid/,5 days on Zillow From 2023-08-23,"2 bds2 ba1,400 sqft"
"3257 S Newcombe Street, Lakewood, CO 80227","$2,750,000 ",https://www.zillow.com/homedetails/3257-S-Newcombe-St-Lakewood-CO-80227/54890035_zpid/,5 days on Zillow From 2023-08-23,"5 bds6 ba8,760 sqft"
"121 S Fenton Street, Lakewood, CO 80226","$570,000 ",https://www.zillow.com/homedetails/121-S-Fenton-St-Lakewood-CO-80226/13770209_zpid/,"Price cut: $5,000 (Aug 18) From 2023-08-23","3 bds2 ba2,010 sqft"
"2427 S Dover Court, Lakewood, CO 80227","$710,000 ",https://www.zillow.com/homedetails/2427-S-Dover-Ct-Lakewood-CO-80227/13790776_zpid/,Open: Sat. 11am-4pm From 2023-08-23,"4 bds3 ba3,013 sqft"
"10060 W 23rd Avenue, Lakewood, CO 80215","$576,000 ",https://www.zillow.com/homedetails/10060-W-23rd-Ave-Lakewood-CO-80215/13745385_zpid/,5 days on Zillow From 2023-08-23,"2 bds1 ba1,384 sqft"
"7520 W Bails Avenue, Lakewood, CO 80232","$625,000 ",https://www.zillow.com/homedetails/7520-W-Bails-Ave-Lakewood-CO-80232/13785068_zpid/,5 days on Zillow From 2023-08-23,"5 bds3 ba2,346 sqft"
"8407 W Alaska Place, Lakewood, CO 80226","$750,000 ",https://www.zillow.com/homedetails/8407-W-Alaska-Pl-Lakewood-CO-80226/13772417_zpid/,"Price cut: $45,000 (Aug 17) From 2023-08-23","4 bds3 ba3,668 sqft"
"6922 W Alaska Drive, Lakewood, CO 80226","$685,000 ",https://www.zillow.com/homedetails/6922-W-Alaska-Dr-Lakewood-CO-80226/111091510_zpid/,3D Tour From 2023-08-23,"3 bds3 ba2,222 sqft"
"1585 Ames Street, Lakewood, CO 80214","$650,000 ",https://www.zillow.com/homedetails/1585-Ames-St-Lakewood-CO-80214/13750330_zpid/,5 days on Zillow From 2023-08-23,"6,650 sqft lot"
"1358 Urban Street, Golden, CO 80401","$569,000 ",https://www.zillow.com/homedetails/1358-Urban-St-Golden-CO-80401/2055956460_zpid/,6 days on Zillow From 2023-08-23,"4 bds4 ba1,986 sqft"
"750 Tabor Street Unit 81-82, Lakewood, CO 80401","$530,000 ",https://www.zillow.com/homedetails/750-Tabor-St-81-82-Golden-CO-80401/2055958623_zpid/,6 days on Zillow From 2023-08-23,"2 bds3 ba1,297 sqft"
"11485 W Florida Place, Lakewood, CO 80232","$710,000 ",https://www.zillow.com/homedetails/11485-W-Florida-Pl-Lakewood-CO-80232/13780543_zpid/,6 days on Zillow From 2023-08-23,"4 bds3 ba2,016 sqft"
"11272 W Arizona Avenue, Lakewood, CO 80232","$600,000 ",https://www.zillow.com/homedetails/11272-W-Arizona-Ave-Lakewood-CO-80232/13780426_zpid/,3D Tour From 2023-08-23,"4 bds3 ba2,400 sqft"
"6120 W Arkansas Avenue, Lakewood, CO 80232","$575,000 ",https://www.zillow.com/homedetails/6120-W-Arkansas-Ave-Lakewood-CO-80232/13786501_zpid/,7 days on Zillow From 2023-08-23,"5 bds2 ba2,184 sqft"
"2451 S Hoyt Court, Lakewood, CO 80227","$650,000 ",https://www.zillow.com/homedetails/2451-S-Hoyt-Ct-Lakewood-CO-80227/13790355_zpid/,"Price cut: $25,000 (Aug 23) From 2023-08-23","5 bds3 ba2,433 sqft"
"1820 Hoyt Street, Lakewood, CO 80215","$1,849,000 ",https://www.zillow.com/homedetails/1820-Hoyt-St-Lakewood-CO-80215/13747028_zpid/,7 days on Zillow From 2023-08-23,"5 bds3 ba5,128 sqft"
"10130 W Dartmouth Avenue, Lakewood, CO 80227","$415,000 ",https://www.zillow.com/homedetails/10130-W-Dartmouth-Ave-Lakewood-CO-80227/13795795_zpid/,7 days on Zillow From 2023-08-23,"3 bds2 ba1,595 sqft"
"7309 W Hampden Avenue Unit 1403, Lakewood, CO 80227","$320,000 ",https://www.zillow.com/homedetails/7309-W-Hampden-Ave-APT-1403-Lakewood-CO-80227/13798848_zpid/,7 days on Zillow From 2023-08-23,2 bds1 ba922 sqft
"1485 S Zang Street, Lakewood, CO 80228","$638,000 ",https://www.zillow.com/homedetails/1485-S-Zang-St-Lakewood-CO-80228/13779120_zpid/,7 days on Zillow From 2023-08-23,"3 bds3 ba1,918 sqft"
"863 S Johnson Court, Lakewood, CO 80226","$709,000 ",https://www.zillow.com/homedetails/863-S-Johnson-Ct-Lakewood-CO-80226/13773016_zpid/,3D Tour From 2023-08-23,"4 bds3 ba2,776 sqft"
"3156 S Quaker Street, Morrison, CO 80465","$915,000 ",https://www.zillow.com/homedetails/3156-S-Quaker-St-Morrison-CO-80465/337567599_zpid/,Open: Mon 1-6 ; Tue 10-... From 2023-08-23,"4 bds4 ba4,506 sqft"
"465 S Nelson Street, Lakewood, CO 80226","$640,000 ",https://www.zillow.com/homedetails/465-S-Nelson-St-Lakewood-CO-80226/13773790_zpid/,8 days on Zillow From 2023-08-23,"3 bds3 ba2,616 sqft"
"620 S Eldridge Street, Lakewood, CO 80228","$1,799,000 ",https://www.zillow.com/homedetails/620-S-Eldridge-St-Lakewood-CO-80228/13777270_zpid/,8 days on Zillow From 2023-08-23,"5 bds4 ba5,264 sqft"
"2164 S Poppy Street, Lakewood, CO 80228","$1,150,000 ",https://www.zillow.com/homedetails/2164-S-Poppy-St-Lakewood-CO-80228/331704644_zpid/,3D Tour From 2023-08-23,"4 bds3 ba4,047 sqft"
"1878 S Cole Street, Lakewood, CO 80228","$515,000 ",https://www.zillow.com/homedetails/1878-S-Cole-St-Lakewood-CO-80228/13778375_zpid/,3D Tour From 2023-08-23,"2 bds2 ba1,852 sqft"
"1401 Garrison Street, Lakewood, CO 80215","$629,000 ",https://www.zillow.com/homedetails/1401-Garrison-St-Lakewood-CO-80215/13761546_zpid/,3D Tour From 2023-08-23,"3 bds2 ba2,474 sqft"
"3354 S Flower St UNIT 44, Lakewood, CO 80227","$320,000 ",https://www.zillow.com/homedetails/3354-S-Flower-St-APT-44-Lakewood-CO-80227/13797858_zpid/,9 days on Zillow From 2023-08-23,2 bds1 ba855 sqft
"1110 Estes Street, Lakewood, CO 80215","$1,375,000 ",https://www.zillow.com/homedetails/1110-Estes-St-Lakewood-CO-80215/13761292_zpid/,9 days on Zillow From 2023-08-23,"5 bds3 ba3,400 sqft"
"2538 S Ames Circle, Lakewood, CO 80227","$699,000 ",https://www.zillow.com/homedetails/2538-S-Ames-Cir-Lakewood-CO-80227/13788439_zpid/,10 days on Zillow From 2023-08-23,"4 bds3 ba3,134 sqft"
"8065 W Eastman Place Unit 6-305, Lakewood, CO 80227","$350,000 ",https://www.zillow.com/homedetails/8065-W-Eastman-Pl-6-305-Lakewood-CO-80227/13798148_zpid/,11 days on Zillow From 2023-08-23,2 bds2 ba868 sqft
"271 S Zinnia Way Unit 1-B, Lakewood, CO 80228","$325,000 ",https://www.zillow.com/homedetails/271-S-Zinnia-Way-1-B-Lakewood-CO-80228/13766611_zpid/,12 days on Zillow From 2023-08-23,2 bds2 ba926 sqft
"1070 N Balsam Street, Lakewood, CO 80214","$589,999 ",https://www.zillow.com/homedetails/1070-Balsam-St-Lakewood-CO-80214/334526807_zpid/,12 days on Zillow From 2023-08-23,"3 bds4 ba1,478 sqft"
"10393 W Arkansas Dr, Lakewood, CO 80232","$635,000 ",https://www.zillow.com/homedetails/10393-W-Arkansas-Dr-Lakewood-CO-80232/13780203_zpid/,"Price cut: $14,000 (Aug 23) From 2023-08-23","5 bds3 ba2,296 sqft"
"1068 N Balsam Street, Lakewood, CO 80214","$615,000 ",https://www.zillow.com/homedetails/1068-Balsam-St-Lakewood-CO-80214/334526297_zpid/,12 days on Zillow From 2023-08-23,"3 bds4 ba1,564 sqft"
"1675 S Cole Street Unit B5, Lakewood, CO 80228","$409,000 ",https://www.zillow.com/homedetails/1675-S-Cole-St-UNIT-B5-Lakewood-CO-80228/51407826_zpid/,12 days on Zillow From 2023-08-23,"2 bds3 ba1,057 sqft"
"324 Wright Street Unit 106, Lakewood, CO 80228","$359,000 ",https://www.zillow.com/homedetails/324-Wright-St-APT-106-Lakewood-CO-80228/13766117_zpid/,12 days on Zillow From 2023-08-23,"2 bds2 ba1,022 sqft"
"13912 W Virginia Drive, Lakewood, CO 80228","$725,000 ",https://www.zillow.com/homedetails/13912-W-Virginia-Dr-Lakewood-CO-80228/13777252_zpid/,"Price cut: $50,000 (Aug 22) From 2023-08-23","4 bds3 ba2,443 sqft"
"1451 S Pierce Street, Lakewood, CO 80232","$395,000 ",https://www.zillow.com/homedetails/1451-S-Pierce-St-Lakewood-CO-80232/63366770_zpid/,12 days on Zillow From 2023-08-23,"4 bds2 ba1,214 sqft"
"9305 W 5th Avenue, Lakewood, CO 80226","$875,000 ",https://www.zillow.com/homedetails/9305-W-5th-Ave-Lakewood-CO-80226/13767057_zpid/,Open: Sat. 12-3pm From 2023-08-23,"3 bds2 ba1,832 sqft"
"1592 Ames Street, Lakewood, CO 80214","$664,900 ",https://www.zillow.com/homedetails/1592-Ames-St-Denver-CO-80214/2056050699_zpid/,13 days on Zillow From 2023-08-23,"2 bds3 ba1,444 sqft"
"2913 S Deframe Way, Lakewood, CO 80228","$740,000 ",https://www.zillow.com/homedetails/2913-S-Deframe-Way-Lakewood-CO-80228/13795095_zpid/,13 days on Zillow From 2023-08-23,"5 bds3 ba2,796 sqft"
"7150 W 20th Avenue Unit 301, Lakewood, CO 80214","$359,000 ",https://www.zillow.com/homedetails/7150-W-20th-Ave-APT-301-Lakewood-CO-80214/13748311_zpid/,3D Tour From 2023-08-23,"2 bds2 ba1,077 sqft"
"14551 W Columbia Place, Lakewood, CO 80228","$985,000 ",https://www.zillow.com/homedetails/14551-W-Columbia-Pl-Lakewood-CO-80228/13795360_zpid/,14 days on Zillow From 2023-08-23,"3 bds3 ba4,910 sqft"
"15160 W Iliff Place, Lakewood, CO 80228","$1,149,500 ",https://www.zillow.com/homedetails/15160-W-Iliff-Pl-Lakewood-CO-80228/98346950_zpid/,14 days on Zillow From 2023-08-23,"5 bds5 ba3,781 sqft"
"451 S Holland Court, Lakewood, CO 80226","$620,000 ",https://www.zillow.com/homedetails/451-S-Holland-Ct-Lakewood-CO-80226/13772898_zpid/,Open: Thu. 5-7pm From 2023-08-23,"3 bds2 ba2,378 sqft"
"6396 W Ohio Avenue, Lakewood, CO 80226","$649,000 ",https://www.zillow.com/homedetails/6396-W-Ohio-Ave-Lakewood-CO-80226/13771180_zpid/,14 days on Zillow From 2023-08-23,"4 bds3 ba2,673 sqft"
"12288 W Mississippi Ave, Lakewood, CO 80228","$575,000 ",https://www.zillow.com/homedetails/12288-W-Mississippi-Ave-Lakewood-CO-80228/13778431_zpid/,"Price cut: $25,000 (Aug 18) From 2023-08-23","5 bds2 ba1,994 sqft"
"2102 Garrison Street, Lakewood, CO 80215","$1,300,000 ",https://www.zillow.com/homedetails/2102-Garrison-St-Lakewood-CO-80215/13746558_zpid/,15 days on Zillow From 2023-08-23,"3 bds3 ba2,200 sqft"
"341 Wright Street Unit 103, Lakewood, CO 80228","$345,000 ",https://www.zillow.com/homedetails/341-Wright-St-APT-103-Lakewood-CO-80228/13765443_zpid/,"Price cut: $5,000 (Aug 17) From 2023-08-23",2 bds1 ba967 sqft
"8025 W 5th Avenue, Lakewood, CO 80226","$1,295,000 ",https://www.zillow.com/homedetails/8025-W-5th-Ave-Lakewood-CO-80226/13768095_zpid/,16 days on Zillow From 2023-08-23,"4 bds4 ba3,743 sqft"
"3696 S Depew Street Unit 206, Lakewood, CO 80235","$359,900 ",https://www.zillow.com/homedetails/3696-S-Depew-St-UNIT-206-Lakewood-CO-80235/13806954_zpid/,16 days on Zillow From 2023-08-23,"2 bds2 ba1,043 sqft"
"9010 W 3rd Place, Lakewood, CO 80226","$649,500 ",https://www.zillow.com/homedetails/9010-W-3rd-Pl-Lakewood-CO-80226/13766874_zpid/,"Price cut: $25,500 (Aug 19) From 2023-08-23","3 bds2 ba2,912 sqft"
"1290 Independence Street, Lakewood, CO 80215","$575,000 ",https://www.zillow.com/homedetails/1290-Independence-St-Lakewood-CO-80215/104463390_zpid/,17 days on Zillow From 2023-08-23,"4 bds2 ba2,072 sqft"
"9532 W Wesley Drive, Lakewood, CO 80227","$885,000 ",https://www.zillow.com/homedetails/9532-W-Wesley-Dr-Lakewood-CO-80227/13790347_zpid/,18 days on Zillow From 2023-08-23,"5 bds3 ba2,892 sqft"
"1435 Ames Street, Lakewood, CO 80214","$479,900 ",https://www.zillow.com/homedetails/1435-Ames-St-Lakewood-CO-80214/13759492_zpid/,"Price cut: $10,000 (Aug 21) From 2023-08-23",2 bds1 ba812 sqft
"1834 S Cole Street Unit 1834, Lakewood, CO 80228","$544,999 ",https://www.zillow.com/homedetails/1834-S-Cole-St-1834-Lakewood-CO-80228/51407779_zpid/,18 days on Zillow From 2023-08-23,"3 bds3 ba1,732 sqft"
"1410 S Eaton Street, Lakewood, CO 80232","$598,000 ",https://www.zillow.com/homedetails/1410-S-Eaton-St-Lakewood-CO-80232/13785817_zpid/,"Price cut: $17,000 (Aug 17) From 2023-08-23","4 bds2 ba2,296 sqft"
"775 Garland St, Lakewood, CO 80215","$1,260,000 ",https://www.zillow.com/homedetails/775-Garland-St-Lakewood-CO-80215/13761835_zpid/,"Price cut: $20,000 (Aug 20) From 2023-08-23","4 bds4 ba4,172 sqft"
"650 Ingalls Street, Lakewood, CO 80214","$850,000 ",https://www.zillow.com/homedetails/650-Ingalls-St-Lakewood-CO-80214/13760149_zpid/,19 days on Zillow From 2023-08-23,"5 bds3 ba2,600 sqft"
"741 S Moore Court, Lakewood, CO 80226","$700,000 ",https://www.zillow.com/homedetails/741-S-Moore-Ct-Lakewood-CO-80226/13774910_zpid/,19 days on Zillow From 2023-08-23,"4 bds3 ba2,408 sqft"
"5755 W Atlantic Place Unit 204, Lakewood, CO 80227","$349,900 ",https://www.zillow.com/homedetails/5755-W-Atlantic-Pl-APT-204-Lakewood-CO-80227/13787288_zpid/,19 days on Zillow From 2023-08-23,"2 bds2 ba1,048 sqft"
"9362 W 13th Place, Lakewood, CO 80215","$825,000 ",https://www.zillow.com/homedetails/9362-W-13th-Pl-Lakewood-CO-80215/54889698_zpid/,3D Tour From 2023-08-23,"4 bds3 ba3,482 sqft"
"265 S Chase Street, Lakewood, CO 80226","$849,900 ",https://www.zillow.com/homedetails/265-S-Chase-St-Lakewood-CO-80226/13770239_zpid/,19 days on Zillow From 2023-08-23,"6 bds4 ba3,410 sqft"
"1571 S Welch Circle, Lakewood, CO 80228","$715,000 ",https://www.zillow.com/homedetails/1571-S-Welch-Cir-Lakewood-CO-80228/13779688_zpid/,3D Tour From 2023-08-23,"4 bds3 ba2,685 sqft"
"7080 W Custer Ave, Lakewood, CO 80226","$999,000 ",https://www.zillow.com/homedetails/7080-W-Custer-Ave-Lakewood-CO-80226/82593418_zpid/,20 days on Zillow From 2023-08-23,"4 bds5 ba4,170 sqft"
"13070 W 6th Place, Lakewood, CO 80401","$625,000 ",https://www.zillow.com/homedetails/13070-W-6th-Pl-Lakewood-CO-80401/13763533_zpid/,3D Tour From 2023-08-23,"3 bds2 ba1,938 sqft"
"1101 S Garrison Street Unit 103, Lakewood, CO 80232","$364,900 ",https://www.zillow.com/homedetails/1101-S-Garrison-St-APT-103-Lakewood-CO-80232/13782116_zpid/,20 days on Zillow From 2023-08-23,"2 bds2 ba1,104 sqft"
"15465 W Adriatic Drive, Lakewood, CO 80228","$1,450,000 ",https://www.zillow.com/homedetails/15465-W-Adriatic-Dr-Lakewood-CO-80228/121928675_zpid/,3D Tour From 2023-08-23,"4 bds4 ba4,796 sqft"
"7850 W Florida Avenue, Lakewood, CO 80232","$575,000 ",https://www.zillow.com/homedetails/7850-W-Florida-Ave-Lakewood-CO-80232/13784266_zpid/,21 days on Zillow From 2023-08-23,"5 bds3 ba2,050 sqft"
"1105 S Wright Street, Lakewood, CO 80228","$630,000 ",https://www.zillow.com/homedetails/1105-S-Wright-St-Lakewood-CO-80228/13778877_zpid/,3D Tour From 2023-08-23,"3 bds2 ba1,918 sqft"
"8852 W Louisiana Place, Lakewood, CO 80232","$699,999 ",https://www.zillow.com/homedetails/8852-W-Louisiana-Pl-Lakewood-CO-80232/13781901_zpid/,23 days on Zillow From 2023-08-23,"4 bds2 ba1,898 sqft"
"13830 W Alaska Dr Drive, Lakewood, CO 80228","$775,000 ",https://www.zillow.com/homedetails/13830-W-Alaska-Dr-Lakewood-CO-80228/13777130_zpid/,23 days on Zillow From 2023-08-23,"4 bds3 ba2,353 sqft"
"420 Dudley Street, Lakewood, CO 80226","$624,900 ",https://www.zillow.com/homedetails/420-Dudley-St-Lakewood-CO-80226/13766704_zpid/,"Price cut: $10,000 (Aug 18) From 2023-08-23","3 bds2 ba1,795 sqft"
"950 S Briarwood Drive, Lakewood, CO 80226","$625,000 ",https://www.zillow.com/homedetails/950-S-Briarwood-Dr-Lakewood-CO-80226/13774646_zpid/,"Price cut: $25,000 (Aug 14) From 2023-08-23","3 bds2 ba2,040 sqft"
"6738 W Oregon Avenue, Lakewood, CO 80232","$650,000 ",https://www.zillow.com/homedetails/6738-W-Oregon-Ave-Lakewood-CO-80232/13786771_zpid/,26 days on Zillow From 2023-08-23,"3 bds4 ba2,482 sqft"
"374 S Estes St UNIT B, Lakewood, CO 80226","$349,000 ",https://www.zillow.com/homedetails/374-S-Estes-St-APT-B-Lakewood-CO-80226/13772335_zpid/,26 days on Zillow From 2023-08-23,2 bds2 ba964 sqft
"2660 S Chase Lane, Lakewood, CO 80227","$650,000 ",https://www.zillow.com/homedetails/2660-S-Chase-Ln-Lakewood-CO-80227/13788423_zpid/,"Price cut: $65,000 (Aug 22) From 2023-08-23","5 bds3 ba2,344 sqft"
"13966 W Warren Drive, Lakewood, CO 80228","$665,000 ",https://www.zillow.com/homedetails/13966-W-Warren-Dr-Lakewood-CO-80228/13793575_zpid/,"Price cut: $20,000 (Aug 15) From 2023-08-23","3 bds3 ba2,621 sqft"
"10872 W Evans Avenue Unit 3d, Lakewood, CO 80227","$355,000 ",https://www.zillow.com/homedetails/10872-W-Evans-Ave-UNIT-3D-Lakewood-CO-80227/13791454_zpid/,3D Tour From 2023-08-23,"2 bds2 ba1,151 sqft"
"12730 W Atlantic Avenue, Lakewood, CO 80228","$635,000 ",https://www.zillow.com/homedetails/12730-W-Atlantic-Ave-Lakewood-CO-80228/13792435_zpid/,"Price cut: $15,000 (Aug 23) From 2023-08-23","4 bds3 ba2,902 sqft"
"105 Garrison Street, Lakewood, CO 80226","$610,000 ",https://www.zillow.com/homedetails/105-Garrison-St-Lakewood-CO-80226/13767169_zpid/,3D Tour From 2023-08-23,"4 bds1 ba2,292 sqft"
"6911 W Eldorado Place, Lakewood, CO 80227","$1,197,000 ",https://www.zillow.com/homedetails/6911-W-Eldorado-Pl-Lakewood-CO-80227/13798705_zpid/,"Price cut: $98,000 (Aug 18) From 2023-08-23","5 bds6 ba4,697 sqft"
"640 S Yarrow Street, Lakewood, CO 80226","$625,000 ",https://www.zillow.com/homedetails/640-S-Yarrow-St-Lakewood-CO-80226/58768792_zpid/,27 days on Zillow From 2023-08-23,"3 bds3 ba2,334 sqft"
"10468 W Dartmouth Avenue, Lakewood, CO 80227","$399,900 ",https://www.zillow.com/homedetails/10468-W-Dartmouth-Ave-Lakewood-CO-80227/13795964_zpid/,27 days on Zillow From 2023-08-23,"2 bds1 ba1,073 sqft"
"1878 S Ammons Street Unit A, Lakewood, CO 80232","$445,000 ",https://www.zillow.com/homedetails/1878-S-Ammons-St-APT-A-Lakewood-CO-80232/13784576_zpid/,27 days on Zillow From 2023-08-23,"3 bds3 ba1,804 sqft"
"3355 S Flower Street Unit 75, Lakewood, CO 80227","$312,000 ",https://www.zillow.com/homedetails/3355-S-Flower-St-UNIT-75-Lakewood-CO-80227/13797783_zpid/,3D Tour From 2023-08-23,2 bds1 ba944 sqft
"6578 W Atlantic Avenue, Lakewood, CO 80227","$773,900 ",https://www.zillow.com/homedetails/6578-W-Atlantic-Pl-Lakewood-CO-80227/338450762_zpid/,3D Tour From 2023-08-23,"3 bds2 ba3,357 sqft"
"6825 W Mississippi Avenue Lot 17, Lakewood, CO 80226","$84,000 ",https://www.zillow.com/homedetails/6825-W-Mississippi-Ave-LOT-17-Lakewood-CO-80226/63366641_zpid/,29 days on Zillow From 2023-08-23,2 bds2 ba938 sqft
"1635 Ingalls Street, Lakewood, CO 80214","$1,700,000 ",https://www.zillow.com/homedetails/1635-Ingalls-St-Lakewood-CO-80214/13750041_zpid/,3D Tour From 2023-08-23,"5 bds4 ba5,195 sqft"
"6027 W Baltic Court, Lakewood, CO 80227","$900,000 ",https://www.zillow.com/homedetails/6027-W-Baltic-Ct-Lakewood-CO-80227/13787881_zpid/,31 days on Zillow From 2023-08-23,"6 bds5 ba3,763 sqft"
"2675 S Sheridan Court, Lakewood, CO 80227","$410,000 ",https://www.zillow.com/homedetails/2675-S-Sheridan-Ct-Lakewood-CO-80227/13788592_zpid/,"Price cut: $4,999 (Aug 20) From 2023-08-23","2 bds2 ba1,356 sqft"
"1917 S Routt Court, Lakewood, CO 80227","$1,150,000 ",https://www.zillow.com/homedetails/1917-S-Routt-Ct-Lakewood-CO-80227/13791981_zpid/,"Price cut: $50,000 (Aug 17) From 2023-08-23","5 bds5 ba4,448 sqft"
"2611 S Chase Lane, Lakewood, CO 80227","$800,000 ",https://www.zillow.com/homedetails/2611-S-Chase-Ln-Lakewood-CO-80227/13788382_zpid/,"Price cut: $30,000 (Aug 11) From 2023-08-23","3 bds3 ba3,082 sqft"
"1320 S Eaton Court, Lakewood, CO 80232","$594,000 ",https://www.zillow.com/homedetails/1320-S-Eaton-Ct-Lakewood-CO-80232/13785672_zpid/,Open: Wed. 8am-7:30pm From 2023-08-23,"4 bds3 ba2,818 sqft"
"1645 Yukon Street, Lakewood, CO 80214","$490,900 ",https://www.zillow.com/homedetails/1645-Yukon-St-Lakewood-CO-80214/13748154_zpid/,"Price cut: $18,100 (Aug 10) From 2023-08-23","2 bds1 ba1,160 sqft"
"1645 Taft Street, Lakewood, CO 80215","$550,000 ",https://www.zillow.com/homedetails/1645-Taft-St-Lakewood-CO-80215/13744870_zpid/,"Price cut: $49,000 (Aug 3) From 2023-08-23","4 bds3 ba2,295 sqft"
"537 S Xenon Court, Lakewood, CO 80228","$439,900 ",https://www.zillow.com/homedetails/537-S-Xenon-Ct-Lakewood-CO-80228/13775703_zpid/,33 days on Zillow From 2023-08-23,"2 bds3 ba1,603 sqft"
"840 S Vance Street Unit C, Lakewood, CO 80226","$335,000 ",https://www.zillow.com/homedetails/840-S-Vance-St-APT-C-Lakewood-CO-80226/13772063_zpid/,34 days on Zillow From 2023-08-23,2 bds1 ba740 sqft
"2337 S Garrison Court, Lakewood, CO 80227","$680,000 ",https://www.zillow.com/homedetails/2337-S-Garrison-Ct-Lakewood-CO-80227/13790670_zpid/,"Price cut: $20,000 (Aug 9) From 2023-08-23","4 bds3 ba2,858 sqft"
"7240 W Custer Avenue Unit 409, Lakewood, CO 80226","$560,000 ",https://www.zillow.com/homedetails/7240-W-Custer-Ave-UNIT-409-Lakewood-CO-80226/82298003_zpid/,"Price cut: $20,000 (Aug 10) From 2023-08-23","2 bds2 ba1,210 sqft"
"9185 W Cedar Drive Unit 2, Lakewood, CO 80226","$429,900 ",https://www.zillow.com/homedetails/9185-W-Cedar-Dr-UNIT-2-Lakewood-CO-80226/13767594_zpid/,"Price cut: $9,000 (Aug 22) From 2023-08-23","3 bds3 ba2,050 sqft"
"7464 W Evans Place, Lakewood, CO 80227","$550,000 ",https://www.zillow.com/homedetails/7464-W-Evans-Pl-Lakewood-CO-80227/338449074_zpid/,3D Tour From 2023-08-23,"3 bds3 ba1,489 sqft"
"12892 W Louisiana Avenue, Lakewood, CO 80228","$724,500 ",https://www.zillow.com/homedetails/12892-W-Louisiana-Ave-Lakewood-CO-80228/13779074_zpid/,"Price cut: $15,500 (Aug 8) From 2023-08-23","6 bds4 ba2,622 sqft"
"1465 Ames Street, Lakewood, CO 80214","$485,000 ",https://www.zillow.com/homedetails/1465-Ames-St-Lakewood-CO-80214/13759485_zpid/,"Price cut: $14,900 (Aug 11) From 2023-08-23","3 bds2 ba1,314 sqft"
"401 S Pierson Street, Lakewood, CO 80226","$799,900 ",https://www.zillow.com/homedetails/401-S-Pierson-St-Lakewood-CO-80226/13774135_zpid/,3D Tour From 2023-08-23,"5 bds3 ba2,210 sqft"
"15564 W Baker Avenue, Lakewood, CO 80228","$920,000 ",https://www.zillow.com/homedetails/15564-W-Baker-Ave-Lakewood-CO-80228/123602043_zpid/,39 days on Zillow From 2023-08-23,"4 bds4 ba3,164 sqft"
"850 Kendall Street, Lakewood, CO 80214","$735,000 ",https://www.zillow.com/homedetails/850-Kendall-St-Lakewood-CO-80214/13759961_zpid/,"Price cut: $64,000 (Aug 10) From 2023-08-23","4 bds3 ba2,734 sqft"
"1832 S Lee Street Unit E, Lakewood, CO 80232","$380,000 ",https://www.zillow.com/homedetails/1832-S-Lee-St-APT-E-Denver-CO-80232/2062184658_zpid/,40 days on Zillow From 2023-08-23,2 bds1 ba994 sqft
"1730 Ingalls Street, Lakewood, CO 80214","$410,000 ",https://www.zillow.com/homedetails/1730-Ingalls-St-Lakewood-CO-80214/13750006_zpid/,"Price cut: $15,000 (Aug 7) From 2023-08-23",2 bds1 ba674 sqft
"866 S Reed Court Unit H, Lakewood, CO 80226","$325,000 ",https://www.zillow.com/homedetails/866-S-Reed-Ct-APT-H-Lakewood-CO-80226/13771882_zpid/,40 days on Zillow From 2023-08-23,2 bds2 ba840 sqft
"2053 S Robb Way, Lakewood, CO 80227","$2,200,000 ",https://www.zillow.com/homedetails/2053-S-Robb-Way-Lakewood-CO-80227/13791659_zpid/,3D Tour From 2023-08-23,"4 bds6 ba6,848 sqft"
"2480 Hoyt Street, Lakewood, CO 80215","$799,000 ",https://www.zillow.com/homedetails/2480-Hoyt-St-Lakewood-CO-80215/13746828_zpid/,"Price cut: $16,000 (Aug 3) From 2023-08-23","3 bds2 ba2,904 sqft"
"54 Jay Street, Lakewood, CO 80226","$399,000 ",https://www.zillow.com/homedetails/54-Jay-St-Lakewood-CO-80226/13769707_zpid/,41 days on Zillow From 2023-08-23,"2 bds1 ba1,536 sqft"
"1103 S Dudley Street, Lakewood, CO 80232","$588,000 ",https://www.zillow.com/homedetails/1103-S-Dudley-St-Lakewood-CO-80232/13781559_zpid/,"Price cut: $7,000 (Aug 3) From 2023-08-23","4 bds2 ba2,178 sqft"
"1745 Quail Street Unit F, Lakewood, CO 80215","$374,000 ",https://www.zillow.com/homedetails/1745-Quail-St-F-Lakewood-CO-80215/13745942_zpid/,"Price cut: $5,000 (Jul 26) From 2023-08-23","2 bds3 ba1,224 sqft"
"9512 W Kentucky Place, Lakewood, CO 80226","$699,900 ",https://www.zillow.com/homedetails/9512-W-Kentucky-Pl-Lakewood-CO-80226/13773203_zpid/,"Price cut: $20,000 (Aug 10) From 2023-08-23","4 bds3 ba2,967 sqft"
"1627 S Dover Court, Lakewood, CO 80232","$610,000 ",https://www.zillow.com/homedetails/1627-S-Dover-Ct-Lakewood-CO-80232/13783029_zpid/,"Price cut: $5,000 (Aug 18) From 2023-08-23","4 bds2 ba2,325 sqft"
"2110 Urban Drive, Lakewood, CO 80215","$875,000 ",https://www.zillow.com/homedetails/2110-Urban-Dr-Lakewood-CO-80215/13744096_zpid/,Open: Sat. 12-2pm From 2023-08-23,"4 bds3 ba2,580 sqft"
"701 Harlan Street Unit E55, Lakewood, CO 80214","$414,000 ",https://www.zillow.com/homedetails/701-Harlan-St-UNIT-E55-Lakewood-CO-80214/13760073_zpid/,"Price cut: $1,000 (Aug 17) From 2023-08-23","2 bds2 ba1,400 sqft"
"1645 Lee Street, Lakewood, CO 80215","$627,000 ",https://www.zillow.com/homedetails/1645-Lee-St-Lakewood-CO-80215/13746323_zpid/,"Price cut: $8,000 (Aug 21) From 2023-08-23","5 bds2 ba2,132 sqft"
"139 Depew Street, Lakewood, CO 80226","$475,000 ",https://www.zillow.com/homedetails/139-Depew-St-Lakewood-CO-80226/51407739_zpid/,3D Tour From 2023-08-23,"3 bds3 ba1,629 sqft"
"6200 W 10th Avenue, Lakewood, CO 80214","$339,000 ",https://www.zillow.com/homedetails/6200-W-10th-Ave-Lakewood-CO-80214/13759935_zpid/,54 days on Zillow From 2023-08-23,2 bds1 ba764 sqft
"12405 W 19th Place, Lakewood, CO 80215","$1,649,000 ",https://www.zillow.com/homedetails/12405-W-19th-Pl-Lakewood-CO-80215/13744549_zpid/,"Price cut: $50,000 (Aug 10) From 2023-08-23","5 bds4 ba5,000 sqft"
"5029 S Allison Way, Littleton, CO 80123","$1,095,000 ",https://www.zillow.com/homedetails/5029-S-Allison-Way-Littleton-CO-80123/79987426_zpid/,"Price cut: $90,000 (Aug 15) From 2023-08-23","3 bds3 ba4,154 sqft"
"9960 W Jewell Avenue Unit C, Lakewood, CO 80232","$575,000 ",https://www.zillow.com/homedetails/9960-W-Jewell-Ave-UNIT-C-Lakewood-CO-80232/68064235_zpid/,3D Tour From 2023-08-23,"3 bds3 ba1,961 sqft"
"1858 S Cole Street, Lakewood, CO 80228","$524,000 ",https://www.zillow.com/homedetails/1858-S-Cole-St-Lakewood-CO-80228/13778379_zpid/,"Price cut: $5,000 (Aug 4) From 2023-08-23","3 bds3 ba1,863 sqft"
"1375 Lee Street, Lakewood, CO 80215","$720,000 ",https://www.zillow.com/homedetails/1375-Lee-St-Lakewood-CO-80215/13762299_zpid/,3D Tour From 2023-08-23,"5 bds3 ba2,625 sqft"
"30 S Jay Street, Lakewood, CO 80226","$507,000 ",https://www.zillow.com/homedetails/30-S-Jay-St-Lakewood-CO-80226/13769572_zpid/,"Price cut: $18,000 (Jul 18) From 2023-08-23","2 bds3 ba1,317 sqft"
"875 Estes Street, Lakewood, CO 80215","$695,000 ",https://www.zillow.com/homedetails/875-Estes-St-Lakewood-CO-80215/13761993_zpid/,"Price cut: $30,000 (Aug 3) From 2023-08-23","4 bds2 ba2,588 sqft"
"7128 W Arlington Way, Littleton, CO 80123","$895,000 ",https://www.zillow.com/homedetails/7128-W-Arlington-Way-Littleton-CO-80123/13812706_zpid/,3D Tour From 2023-08-23,"4 bds3 ba3,030 sqft"
"701 Harlan Street Unit E10, Lakewood, CO 80214","$349,990 ",https://www.zillow.com/homedetails/701-Harlan-St-UNIT-E10-Lakewood-CO-80214/13760108_zpid/,"Price cut: $10,010 (Jul 29) From 2023-08-23","2 bds2 ba1,050 sqft"
"6727 W Yale Avenue, Lakewood, CO 80227","$554,900 ",https://www.zillow.com/homedetails/6727-W-Yale-Ave-Lakewood-CO-80227/82591627_zpid/,"Price cut: $5,000 (Aug 23) From 2023-08-23","3 bds3 ba2,083 sqft"
"1576 Ames Street, Lakewood, CO 80214","$690,000 ",https://www.zillow.com/homedetails/1576-Ames-St-Lakewood-CO-80214/13750334_zpid/,"Price cut: $85,000 (Aug 11) From 2023-08-23","3 bds1 ba1,288 sqft"
"2126 Youngfield Street, Lakewood, CO 80228","$699,900 ",https://www.zillow.com/homedetails/2126-S-Youngfield-St-Denver-CO-80228/2057086722_zpid/,65 days on Zillow From 2023-08-23,"3 bds4 ba1,885 sqft"
"13980 W Exposition Place, Lakewood, CO 80228","$1,795,000 ",https://www.zillow.com/homedetails/13980-W-Exposition-Pl-Lakewood-CO-80228/13777623_zpid/,67 days on Zillow From 2023-08-23,"4 bds4 ba5,890 sqft"
"526 S Carr Street, Lakewood, CO 80226","$381,500 ",https://www.zillow.com/homedetails/526-S-Carr-St-Lakewood-CO-80226/13772479_zpid/,67 days on Zillow From 2023-08-23,"3 bds2 ba1,150 sqft"
"13002 W Asbury Place, Lakewood, CO 80228","$649,000 ",https://www.zillow.com/homedetails/13002-W-Asbury-Pl-Lakewood-CO-80228/13792523_zpid/,"Price cut: $16,000 (Aug 11) From 2023-08-23","4 bds3 ba2,624 sqft"
"1830 Garland Street, Lakewood, CO 80215","$3,500,000 ",https://www.zillow.com/homedetails/1830-Garland-St-Lakewood-CO-80215/13746991_zpid/,"Price cut: $200,000 (Aug 3) From 2023-08-23","6 bds6 ba4,822 sqft"
"7486 W Asbury Lane, Lakewood, CO 80227","$529,000 ",https://www.zillow.com/homedetails/7486-W-Asbury-Ln-Lakewood-CO-80227/338449082_zpid/,3D Tour From 2023-08-23,"2 bds3 ba1,375 sqft"
"177 S Reed Street, Lakewood, CO 80226","$570,000 ",https://www.zillow.com/homedetails/177-S-Reed-St-Lakewood-CO-80226/13768889_zpid/,3D Tour From 2023-08-23,"5 bds2 ba2,012 sqft"
"11322 W Baltic Court, Lakewood, CO 80227","$1,999,998 ",https://www.zillow.com/homedetails/11322-W-Baltic-Ct-Lakewood-CO-80227/13791655_zpid/,Open: Sat. 1-3pm From 2023-08-23,"5 bds5 ba7,184 sqft"
"8750 W Dakota Avenue, Lakewood, CO 80226","$799,000 ",https://www.zillow.com/homedetails/8750-W-Dakota-Ave-Lakewood-CO-80226/13772286_zpid/,"Price cut: $26,000 (Aug 20) From 2023-08-23","3 bds2 ba2,936 sqft"
"12034 W Auburn Drive, Lakewood, CO 80228","$1,149,900 ",https://www.zillow.com/homedetails/12034-W-Auburn-Dr-Lakewood-CO-80228/13793045_zpid/,"Price cut: $50,000 (Jul 20) From 2023-08-23","4 bds4 ba4,894 sqft"
"400 Zang Street Unit 1-104, Lakewood, CO 80228","$375,000 ",https://www.zillow.com/homedetails/400-Zang-St-APT-1-104-Lakewood-CO-80228/13765813_zpid/,"Price cut: $4,000 (Aug 15) From 2023-08-23","2 bds2 ba1,072 sqft"
"2400 S Garland Court, Lakewood, CO 80227","$650,000 ",https://www.zillow.com/homedetails/2400-S-Garland-Ct-Lakewood-CO-80227/13790694_zpid/,"Price cut: $10,000 (Aug 19) From 2023-08-23","3 bds3 ba2,148 sqft"
"2117 S Saulsbury Court, Lakewood, CO 80227","$888,000 ",https://www.zillow.com/homedetails/2117-S-Saulsbury-Ct-Lakewood-CO-80227/131684712_zpid/,"Price cut: $11,000 (Jul 15) From 2023-08-23","4 bds4 ba4,247 sqft"
"864 S Lewis Street, Lakewood, CO 80226","$675,000 ",https://www.zillow.com/homedetails/864-S-Lewis-St-Lakewood-CO-80226/13774852_zpid/,"Price cut: $20,000 (Jul 21) From 2023-08-23","4 bds3 ba2,202 sqft"
"1512 Ingalls Street, Lakewood, CO 80214","$875,000 ",https://www.zillow.com/homedetails/1512-Ingalls-St-Lakewood-CO-80214/334526129_zpid/,82 days on Zillow From 2023-08-23,"4 bds4 ba2,330 sqft"
"1514 Ingalls Street, Lakewood, CO 80214","$795,000 ",https://www.zillow.com/homedetails/1514-Ingalls-St-Lakewood-CO-80214/334526605_zpid/,82 days on Zillow From 2023-08-23,"2 bds4 ba1,789 sqft"
"7168 W Jewell Drive, Lakewood, CO 80227","$889,000 ",https://www.zillow.com/homedetails/7168-W-Jewell-Dr-Lakewood-CO-80227/131685133_zpid/,3D Tour From 2023-08-23,"3 bds3 ba3,322 sqft"
"Oxford Plan, Green Gables : The Monarch Collection","$741,900+",https://www.zillow.com/community/green-gables-monarch-collection/2057417209_zpid/,3D Tour From 2023-08-23,"3 bds2 ba1,749 sqft"
"Ascott Plan, Green Gables : The Monarch Collection","$796,900+",https://www.zillow.com/community/green-gables-monarch-collection/2057417210_zpid/,3D Tour From 2023-08-23,"3 bds3 ba2,301 sqft"
"Devon Plan, Green Gables : The Monarch Collection","$766,900+",https://www.zillow.com/community/green-gables-monarch-collection/2057417211_zpid/,3D Tour From 2023-08-23,"3 bds2 ba1,988 sqft"
"Snowmass Plan, Green Gables : The Monarch Collection","$682,900+",https://www.zillow.com/community/green-gables-monarch-collection/2057417212_zpid/,3D Tour From 2023-08-23,"3 bds2 ba1,366 sqft"
"830 S Harlan Street, Lakewood, CO 80226","$665,000 ",https://www.zillow.com/homedetails/830-S-Harlan-St-Lakewood-CO-80226/13771343_zpid/,"Price cut: $10,000 (Aug 12) From 2023-08-23","4 bds2 ba1,597 sqft"
"11257 W Ford Drive, Lakewood, CO 80226","$879,000 ",https://www.zillow.com/homedetails/11257-W-Ford-Dr-Lakewood-CO-80226/13774769_zpid/,"Price cut: $20,000 (Aug 4) From 2023-08-23","4 bds4 ba3,801 sqft"
"4033 S Teller Street, Lakewood, CO 80235","$627,694 ",https://www.zillow.com/homedetails/4033-S-Teller-St-Lakewood-CO-80235/338450801_zpid/,Open: Fri. 12-5pm From 2023-08-23,"3 bds3 ba1,560 sqft"
"2105 Teller Street, Lakewood, CO 80214","$475,000 ",https://www.zillow.com/homedetails/2105-Teller-St-Lakewood-CO-80214/13747469_zpid/,"Price cut: $14,000 (Jun 8) From 2023-08-23",2 bds1 ba680 sqft
"2156 Youngfield Street, Lakewood, CO 80228","$699,900 ",https://www.zillow.com/homedetails/2156-S-Youngfield-St-Denver-CO-80228/2057726657_zpid/,107 days on Zillow From 2023-08-23,"3 bds4 ba1,885 sqft"
"340 S Pierce Street, Lakewood, CO 80226","$600,000 ",https://www.zillow.com/homedetails/340-S-Pierce-St-Lakewood-CO-80226/13770713_zpid/,"Price cut: $150,000 (Jul 29) From 2023-08-23","3 bds2 ba1,392 sqft"
"10180 W 17th Place, Lakewood, CO 80215","$679,000 ",https://www.zillow.com/homedetails/10180-W-17th-Pl-Lakewood-CO-80215/13746296_zpid/,"Price cut: $16,000 (Aug 10) From 2023-08-23","4 bds3 ba2,796 sqft"
"12741 W Asbury Place, Lakewood, CO 80228","$765,000 ",https://www.zillow.com/homedetails/12741-W-Asbury-Pl-Lakewood-CO-80228/13792230_zpid/,3D Tour From 2023-08-23,"3 bds3 ba2,388 sqft"
"9995 W Wesley Ave, Lakewood, CO 80227","$759,900 ",https://www.zillow.com/homedetails/9995-W-Wesley-Ave-Lakewood-CO-80227/13790205_zpid/,115 days on Zillow From 2023-08-23,"3 bds1 ba1,027 sqft"
"7243 W Pacific Avenue, Lakewood, CO 80227","$695,000 ",https://www.zillow.com/homedetails/7243-W-Pacific-Ave-Lakewood-CO-80227/131685279_zpid/,3D Tour From 2023-08-23,"3 bds4 ba2,879 sqft"
"890 S Garrison Street, Lakewood, CO 80226","$649,000 ",https://www.zillow.com/homedetails/890-S-Garrison-St-Lakewood-CO-80226/13773362_zpid/,3D Tour From 2023-08-23,"3 bds3 ba1,794 sqft"
"The Coventry Plan, Pinehurst Terrace at Academy Park","$704,950+",https://www.zillow.com/community/pinehurst-terrace-at-academy-park/2058050242_zpid/,Open: M: 10:00 AM-5:00 ... From 2023-08-23,"3 bds3 ba1,774 sqft"
"The Bristol Plan, Pinehurst Terrace at Academy Park","$662,450+",https://www.zillow.com/community/pinehurst-terrace-at-academy-park/2058050243_zpid/,Open: M: 10:00 AM-5:00 ... From 2023-08-23,"3 bds3 ba1,560 sqft"
"1611 Harlan Street Unit 5, Lakewood, CO 80214","$738,900 ",https://www.zillow.com/homedetails/1611-Harlan-St-UNIT-5-Lakewood-CO-80214/249094790_zpid/,3D Tour From 2023-08-23,"3 bds4 ba1,704 sqft"
"1873 S Marshall Circle, Lakewood, CO 80232","$754,999 ",https://www.zillow.com/homedetails/1873-S-Marshall-Cir-Lakewood-CO-80232/13786878_zpid/,"Price cut: $5,001 (Jul 11) From 2023-08-23","3 bds3 ba3,684 sqft"
"5357 S Saulsbury Way, Littleton, CO 80123","$730,000 ",https://www.zillow.com/homedetails/5357-S-Saulsbury-Way-Littleton-CO-80123/13812704_zpid/,"Price cut: $20,000 (Aug 3) From 2023-08-23","3 bds3 ba3,164 sqft"
"7146 W Belmont Drive, Littleton, CO 80123","$825,000 ",https://www.zillow.com/homedetails/7146-W-Belmont-Dr-Littleton-CO-80123/13812726_zpid/,"Price cut: $25,000 (Aug 9) From 2023-08-23","3 bds3 ba3,404 sqft"
"4069 S Teller Street, Lakewood, CO 80235","$690,552 ",https://www.zillow.com/homedetails/4069-S-Teller-St-Lakewood-CO-80235/338450817_zpid/,Open: M: 10:00 AM-5:00 ... From 2023-08-23,"3 bds3 ba1,774 sqft"
"4047 S Teller Street, Lakewood, CO 80235","$616,566 ",https://www.zillow.com/homedetails/4047-S-Teller-St-Lakewood-CO-80235/338450796_zpid/,Open: M: 10:00 AM-5:00 ... From 2023-08-23,"3 bds3 ba1,560 sqft"
"4059 S Teller Street, Lakewood, CO 80235","$698,351 ",https://www.zillow.com/homedetails/4059-S-Teller-St-Lakewood-CO-80235/338450822_zpid/,Open: M: 10:00 AM-5:00 ... From 2023-08-23,"3 bds3 ba1,774 sqft"
"4053 S Teller Street, Lakewood, CO 80235","$647,066 ",https://www.zillow.com/homedetails/4053-S-Teller-St-Lakewood-CO-80235/338450793_zpid/,Open: Fri. 12-5pm From 2023-08-23,"3 bds3 ba1,565 sqft"
"4045 S Teller Street, Lakewood, CO 80235","$666,266 ",https://www.zillow.com/homedetails/4045-S-Teller-St-Lakewood-CO-80235/338450797_zpid/,Open: M: 10:00 AM-5:00 ... From 2023-08-23,"3 bds3 ba1,774 sqft"
"2659 Simms Street, Lakewood, CO 80215","$995,000 ",https://www.zillow.com/homedetails/2659-Simms-St-Lakewood-CO-80215/13742661_zpid/,3D Tour From 2023-08-23,"4 bds3 ba3,167 sqft"
"1581 S Ames Street, Lakewood, CO 80232","$549,000 ",https://www.zillow.com/homedetails/1581-S-Ames-St-Lakewood-CO-80232/13786921_zpid/,186 days on Zillow From 2023-08-23,"5 bds3 ba2,158 sqft"
"4039 S Teller Street, Lakewood, CO 80235","$624,950 ",https://www.zillow.com/homedetails/4039-S-Teller-St-Lakewood-CO-80235/338450798_zpid/,Open: M: 10:00 AM-5:00 ... From 2023-08-23,"3 bds3 ba1,774 sqft"
"4031 S Teller Street, Lakewood, CO 80235","$764,469 ",https://www.zillow.com/homedetails/4031-S-Teller-St-Lakewood-CO-80235/338450802_zpid/,Open: M: 10:00 AM-5:00 ... From 2023-08-23,"3 bds3 ba1,774 sqft"
"13561 W Alaska Place W, Lakewood, CO 80228","$765,000 ",https://www.zillow.com/homedetails/13561-W-Alaska-Pl-Lakewood-CO-80228/13777055_zpid/,218 days on Zillow From 2023-08-23,"4 bds3 ba2,442 sqft"
"9133 W Cedar Drive Unit A, Lakewood, CO 80226","$519,000 ",https://www.zillow.com/homedetails/9133-W-Cedar-Dr-UNIT-A-Lakewood-CO-80226/13767686_zpid/,268 days on Zillow From 2023-08-23,"4 bds3 ba2,293 sqft"
"4075 S Teller Street, Lakewood, CO 80235","$699,950 ",https://www.zillow.com/homedetails/4075-S-Teller-St-Lakewood-CO-80235/338450816_zpid/,Open: M: 10:00 AM-5:00 ... From 2023-08-23,"3 bds3 ba1,774 sqft"
"4049 S Teller Street, Lakewood, CO 80235","$611,566 ",https://www.zillow.com/homedetails/4049-S-Teller-St-Lakewood-CO-80235/338450795_zpid/,Open: M: 10:00 AM-5:00 ... From 2023-08-23,"3 bds3 ba1,560 sqft"
